{
  "lists": [
    {
      "id": 1,
      "name": "Продажи",
      "colorId": 5
    },
    {
      "id": 2,
      "name": "Фронтенд",
      "colorId": 4
    },
    {
      "id": 3,
      "name": "Фильмы и сериалы",
      "colorId": 3
    },
    {
      "id": 4,
      "name": "Книги",
      "colorId": 2
    },
    {
      "id": 5,
      "name": "Личное",
      "colorId": 1
    },
    {
      "name": "Спорт",
      "colorId": 3,
      "id": 6
    },
    {
      "name": "Курс по ReactJS ToDo",
      "colorId": 7,
      "id": 7
    },
    {
      "name": "345t34t5",
      "colorId": 4,
      "id": 8
    },
    {
      "name": "123423423",
      "colorId": 2,
      "id": 9
    },
    {
      "name": "354t35t34",
      "colorId": 5,
      "id": 10
    },
    {
      "name": "4234",
      "colorId": 3,
      "id": 11
    }
  ],
  "tasks": [
    {
      "id": 1,
      "listId": 2,
      "text": "Изучить JavaScript",
      "completed": true
    },
    {
      "id": 2,
      "listId": 2,
      "text": "Изучить паттерны проектирования",
      "completed": false
    },
    {
      "id": 3,
      "listId": 2,
      "text": "ReactJS Hooks (useState, useReducer, useEffect и т.д.)",
      "completed": true
    },
    {
      "id": 4,
      "listId": 2,
      "text": "Redux (redux-observable, redux-saga)",
      "completed": false
    },
    {
      "listId": 2,
      "text": "123",
      "completed": true,
      "id": 5
    },
    {
      "listId": 1,
      "text": "test",
      "completed": false,
      "id": 6
    },
    {
      "listId": 1,
      "text": "qweqwe",
      "completed": false,
      "id": 7
    },
    {
      "listId": 1,
      "text": "qweqwe",
      "completed": true,
      "id": 8
    },
    {
      "listId": 1,
      "text": "123",
      "completed": false,
      "id": 9
    },
    {
      "listId": 4,
      "text": "Купить 1984!",
      "completed": true,
      "id": 10
    },
    {
      "listId": 2,
      "text": "222",
      "completed": true,
      "id": 12
    },
    {
      "listId": 7,
      "text": "Сделали сайдбар",
      "completed": true,
      "id": 15
    },
    {
      "listId": 7,
      "text": "Сделали список задач",
      "completed": true,
      "id": 16
    },
    {
      "listId": 7,
      "text": "Сделали удаление и редактирование задач и списков",
      "completed": true,
      "id": 17
    },
    {
      "listId": 6,
      "text": "test",
      "completed": false,
      "id": 19
    },
    {
      "listId": 5,
      "text": "123123123123",
      "completed": false,
      "id": 21
    },
    {
      "listId": 1,
      "text": "56756757",
      "completed": true,
      "id": 22
    },
    {
      "listId": 5,
      "text": "222222",
      "completed": false,
      "id": 24
    },
    {
      "listId": 3,
      "text": "1212312312",
      "completed": false,
      "id": 25
    },
    {
      "listId": 4,
      "text": "w3r233",
      "completed": false,
      "id": 26
    },
    {
      "listId": 2,
      "text": "ssrt",
      "completed": false,
      "id": 28
    },
    {
      "listId": 2,
      "text": "gerge",
      "completed": false,
      "id": 29
    },
    {
      "listId": 2,
      "text": "dgedrtg",
      "completed": true,
      "id": 30
    },
    {
      "listId": 2,
      "text": "ergheth",
      "completed": true,
      "id": 31
    },
    {
      "listId": 2,
      "text": "gedrgerg",
      "completed": false,
      "id": 33
    },
    {
      "listId": 2,
      "text": "ergegeh",
      "completed": false,
      "id": 34
    },
    {
      "listId": 2,
      "text": "geegeg",
      "completed": false,
      "id": 35
    },
    {
      "listId": 2,
      "text": "gergerge",
      "completed": false,
      "id": 36
    },
    {
      "listId": 2,
      "text": "ghetrgherthe",
      "completed": false,
      "id": 37
    },
    {
      "listId": 2,
      "text": "rthr",
      "completed": false,
      "id": 38
    },
    {
      "listId": 2,
      "text": "ehetheth",
      "completed": false,
      "id": 39
    },
    {
      "listId": 7,
      "text": "345345345",
      "completed": false,
      "id": 40
    },
    {
      "listId": 3,
      "text": "sdbgsfnb1241234234",
      "completed": false,
      "id": 41
    },
    {
      "listId": 9,
      "text": "vergerg",
      "completed": false,
      "id": 42
    },
    {
      "listId": 1,
      "text": "wfwr4fewf",
      "completed": true,
      "id": 43
    }
  ],
  "colors": [
    {
      "id": 1,
      "hex": "#C9D1D3",
      "name": "grey"
    },
    {
      "id": 2,
      "hex": "#42B883",
      "name": "green"
    },
    {
      "id": 3,
      "hex": "#64C4ED",
      "name": "blue"
    },
    {
      "id": 4,
      "hex": "#FFBBCC",
      "name": "pink"
    },
    {
      "id": 5,
      "hex": "#B6E6BD",
      "name": "lime"
    },
    {
      "id": 6,
      "hex": "#C355F5",
      "name": "purple"
    },
    {
      "id": 7,
      "hex": "#110133",
      "name": "black"
    },
    {
      "id": 8,
      "hex": "#FF6464",
      "name": "red"
    }
  ]
}